<?xml version="1.0" encoding="UTF-8"?>
<beans xmlns="http://www.springframework.org/schema/beans"
	xmlns:xsi="http://www.w3.org/2001/XMLSchema-instance"
	xmlns:mybatis-spring="http://mybatis.org/schema/mybatis-spring"
	xsi:schemaLocation="http://mybatis.org/schema/mybatis-spring http://mybatis.org/schema/mybatis-spring-1.2.xsd
						http://www.springframework.org/schema/beans https://www.springframework.org/schema/beans/spring-beans.xsd">
	
	<!-- Root Context: defines shared resources visible to all other web components -->
	<!-- 1. HikariCP 빈(자바 객체) 등록 {객체생성하는거라 생각하면 편함}
		 -> 어떤 DB 사용할건지 (driver,url,username,password) -->
	<bean id="hikariConfig" class="com.zaxxer.hikari.HikariConfig">
		<property name="driverClassName" value="oracle.jdbc.OracleDriver" />
		<property name="jdbcUrl" value="jdbc:oracle:thin:@project-db-campus.smhrd.com:1524:xe" />
		<property name="username" value="campus_23K_SG4_hack_1" />
		<property name="password" value="smhrd1" />
	</bean>
	<!-- 2. DATASource : Spring을 통해서 MYSQL에 접근 -->
	<bean id="dataSource" class="com.zaxxer.hikari.HikariDataSource" destroy-method="close">
		<constructor-arg ref="hikariConfig"/>
	</bean>
	<!-- 3. MyBatis -->
	<bean class="org.mybatis.spring.SqlSessionFactoryBean">
		<property name="dataSource" ref="dataSource"/>
		<!-- mybatis-config.xml => mybatis를 활용하기 위한 옵션 -->
		<property name="configLocation" value="classpath:/com/smhrd/bicycle/config/mybatis-config.xml"/>
	</bean>
	
	<mybatis-spring:scan base-package="com.smhrd.bicycle.mapper"/>
</beans>